<?xml version="1.0" encoding="UTF-8"?>
<project-private xmlns="http://www.netbeans.org/ns/project-private/1">
    <editor-bookmarks xmlns="http://www.netbeans.org/ns/editor-bookmarks/2" lastBookmarkId="0"/>
    <open-files xmlns="http://www.netbeans.org/ns/projectui-open-files/2">
        <group>
            <file>file:/C:/Users/noufz/Documents/NetBeansProjects/AbstractFactory/src/abstractfactory/PCFactory.java</file>
            <file>file:/C:/Users/noufz/Documents/NetBeansProjects/AbstractFactory/src/abstractfactory/Computer.java</file>
            <file>file:/C:/Users/noufz/Documents/NetBeansProjects/AbstractFactory/src/abstractfactory/Server.java</file>
            <file>file:/C:/Users/noufz/Documents/NetBeansProjects/AbstractFactory/src/abstractfactory/superclassFActory.java</file>
            <file>file:/C:/Users/noufz/Documents/NetBeansProjects/AbstractFactory/src/abstractfactory/PC.java</file>
            <file>file:/C:/Users/noufz/Documents/NetBeansProjects/AbstractFactory/src/abstractfactory/ServerFactory.java</file>
            <file>file:/C:/Users/noufz/Documents/NetBeansProjects/AbstractFactory/src/abstractfactory/Client.java</file>
            <file>file:/C:/Users/noufz/Documents/NetBeansProjects/AbstractFactory/src/abstractfactory/FactoryProducer.java</file>
        </group>
    </open-files>
</project-private>
