<?xml version="1.0" encoding="UTF-8"?>
<project-private xmlns="http://www.netbeans.org/ns/project-private/1">
    <editor-bookmarks xmlns="http://www.netbeans.org/ns/editor-bookmarks/2" lastBookmarkId="0"/>
    <open-files xmlns="http://www.netbeans.org/ns/projectui-open-files/2">
        <group>
            <file>file:/C:/Users/noufz/Documents/NetBeansProjects/Factory/src/factory/BigUFOEnemyShip.java</file>
            <file>file:/C:/Users/noufz/Documents/NetBeansProjects/Factory/src/factory/RocketEnemyShip.java</file>
            <file>file:/C:/Users/noufz/Documents/NetBeansProjects/Factory/src/factory/EnemyShipFactory.java</file>
            <file>file:/C:/Users/noufz/Documents/NetBeansProjects/Factory/src/factory/UFOEnemyShip.java</file>
            <file>file:/C:/Users/noufz/Documents/NetBeansProjects/Factory/src/factory/EnemyTesting.java</file>
            <file>file:/C:/Users/noufz/Documents/NetBeansProjects/Factory/src/factory/EnemyShip.java</file>
        </group>
    </open-files>
</project-private>
